{
  "workflowsByNonce": {
    "pokemon_bot": {
      "runCmd": "./run_pokemon_bot.sh",
      "defaultPort": null,
      "runner": "bash",
      "persistent": true,
      "restartOn": {
        "fileChange": false,
        "fileCreate": false,
        "fileDelete": false,
        "fileModify": false,
        "exit": true,
        "crash": true,
        "stop": true,
        "idle": false
      }
    },
    "web_server": {
      "runCmd": "./run_web_server.sh",
      "defaultPort": 5000,
      "runner": "bash",
      "persistent": true,
      "restartOn": {
        "fileChange": false,
        "fileCreate": false,
        "fileDelete": false,
        "fileModify": false,
        "exit": true,
        "crash": true,
        "stop": true,
        "idle": false
      }
    }
  }
}